ID,Name,Subject,Attendance,Mid I,Mid II,Quiz 1,Quiz 2,Quiz 3,Final Exam,Total Marks,Grade
7271,Gil,Spanish,80,27,3,8,6,9,39,42,D
5539,Emerald,LOGIC,90,12,33,5,7,7,58,54,C-
2933,Abdul,German,83,43,39,1,6,1,84,75,B
3464,Diane,Latin,81,18,31,7,8,6,37,46,D+
8668,Karen,Geography,99,36,46,2,5,3,6,37,F
1789,Holly,American Literature,97,20,9,1,6,3,30,30,F
2378,Rowan,Music,91,8,15,9,1,9,96,66,B-
2772,Noah,History,81,43,4,1,5,5,60,52,C-
1154,Allison,Leadership,98,25,12,5,7,9,5,26,F
8575,Joseph,Dramatics,94,8,38,8,6,2,16,32,F
8618,Caitlyn,Science,91,16,16,9,6,8,75,60,C+
8737,Elise,Resource Program,89,12,39,6,5,2,99,74,B
5280,Valentina,Ecology,90,9,45,3,6,8,42,48,D+
7534,Danielle,Economics,94,45,46,2,7,4,19,48,D+
4855,Vicky,Leadership,97,35,27,1,1,6,98,75,B
6870,Natalie,German,81,40,7,1,3,3,86,63,C+
7507,Angelina,Sociology,99,26,44,7,4,4,59,62,C+
5536,Martin,Trigonometry,87,15,10,8,5,8,78,58,C
4865,Eileen,Music,90,40,6,1,6,2,91,66,B-
4897,Abbey,English IV,93,35,1,2,3,3,54,44,D
6820,Ron,French,89,20,42,8,5,7,97,80,A-
6109,Nicholas,Science,94,49,4,6,3,8,43,49,D+
4543,Elijah,Physical Education,80,31,25,8,3,6,50,53,C-
7496,Carmen,Dramatics,80,17,35,3,7,7,16,35,F
3028,Trisha,Modern Literature,88,49,2,2,6,1,74,59,C
6040,Anabel,Basic Math,80,19,12,4,7,5,36,37,F
9562,Harry,Design and technology,82,47,36,9,1,1,74,72,B
3329,Priscilla,LOGIC,99,9,25,7,2,9,48,45,D
5022,Lily,Basic Math,94,16,17,9,4,1,70,54,C-
5639,Ilona,Physical Education,90,44,4,4,7,9,71,62,C+
6650,Lynn,Basic Math,83,19,3,8,9,3,40,38,F
1721,Cherish,American Literature,95,12,20,6,1,6,73,54,C-
5363,Nick,Sociology,90,33,31,7,8,2,51,56,C
9217,Charlize,Music,87,8,48,9,5,1,45,50,D+
3565,Destiny,Music,87,6,41,9,2,9,7,30,F
4596,Meredith,LOGIC,99,41,20,3,3,4,20,36,F
9329,Alan,Handwriting,89,43,13,6,1,2,66,57,C
2023,Natalie,Trigonometry,85,14,26,8,8,1,59,52,C-
2043,Boris,Grammar,90,10,8,6,2,8,2,15,F
6076,Anabelle,Geography,87,31,48,7,6,8,91,84,A-
6599,Havana,Health,86,29,6,7,4,6,18,30,F
8568,Percy,Music,94,17,3,5,5,9,84,59,C
9448,Rick,Art,83,45,44,8,1,4,78,77,B+
9847,Percy,English IV,96,42,29,4,5,4,41,52,C-
4930,Gladys,Latin,81,45,31,7,2,3,98,82,A-
8700,Jamie,Geography,86,19,11,8,5,5,76,58,C
7054,Tony,German,87,26,11,8,1,5,41,40,D
9489,Ethan,Sociology,84,41,49,3,4,3,52,63,C+
7229,Leroy,LOGIC,95,25,10,3,6,9,90,66,B-
1823,Lucy,Instrumental Music,98,27,6,5,3,2,51,42,D
5443,Luna,Spanish,83,8,20,8,3,1,49,40,D
5403,Chad,Spanish,90,38,35,7,8,8,50,62,C+
7353,Gloria,Modern Literature,88,44,23,2,9,1,37,48,D+
8336,Abdul,Basic Math,97,17,3,8,7,6,83,59,C
3380,Margaret,English IV,80,1,18,7,6,3,63,46,D+
1313,Melanie,Instrumental Music,82,35,25,4,2,1,48,49,D+
8375,Benjamin,American Literature,84,44,18,6,1,2,84,68,B-
9581,Rocco,Ancient Civilizations,81,43,22,8,2,4,10,35,F
4928,Jenna,Economics,81,12,17,3,3,5,74,53,C-
8225,Rocco,Language Arts,97,40,23,4,9,2,46,53,C-
4715,Kirsten,Art,93,32,32,9,3,8,7,36,F
8046,Maxwell,Ancient Civilizations,94,41,6,3,7,9,30,41,D
7168,Agnes,Dramatics,86,49,32,4,8,5,88,81,A-
9077,Nicholas,Dramatics,81,28,35,7,3,3,87,72,B
4950,William,French,89,4,31,3,6,5,55,47,D+
5842,Maxwell,Latin,81,15,32,4,9,1,59,53,C-
2820,Darlene,Leadership,82,37,28,6,1,6,8,33,F
5363,Rosie,Earth Science,95,26,28,7,5,8,41,49,D+
6881,Courtney,Ancient Civilizations,82,23,20,1,9,3,82,63,C+
9648,Susan,History,87,47,43,7,1,4,92,84,A-
5848,Olivia,Mathematics,90,25,6,8,3,5,74,56,C
2537,Anabelle,Basic Math,94,31,6,2,9,7,83,63,C+
8861,Chloe,Accounting,90,8,30,8,8,8,96,73,B
5321,Alan,Health,94,46,45,9,2,9,31,57,C
8994,Marla,Dramatics,80,11,12,6,8,5,22,29,F
4263,Alexander,Language Arts,96,47,47,2,4,7,91,85,A-
1557,Javier,Geography,80,44,9,3,1,6,87,67,B-
1023,Boris,Modern Literature,98,6,19,6,2,1,51,39,F
2256,Isabella,LOGIC,99,6,47,1,9,5,61,57,C
8011,Cameron,Physical Education,99,9,18,4,5,4,63,47,D+
5452,Melanie,Handwriting,95,1,41,8,8,5,90,70,B
2542,Gabriel,Sociology,83,45,4,4,1,7,34,40,D
1393,Carolyn,Economics,89,8,10,3,7,5,9,18,F
7009,Nina,Handwriting,99,18,47,2,1,7,13,34,F
2590,Mona,Ancient Civilizations,95,49,22,4,2,4,96,78,B+
3169,Hailey,Geography,85,25,34,6,6,7,41,51,C-
9216,Florence,Resource Program,83,47,35,4,8,6,63,69,B-
9880,Enoch,Handwriting,81,19,11,8,4,3,71,54,C-
5798,Elena,Science,97,4,22,5,5,2,41,36,F
6974,Clint,Geography,99,40,25,7,7,5,38,51,C-
2034,Harriet,Music,85,22,16,4,7,3,10,25,F
6536,Rocco,Health,99,3,32,9,4,1,51,45,D
4070,Cecilia,Ecology,80,21,21,3,7,5,21,33,F
1313,Ember,Ancient Civilizations,91,39,1,2,1,4,10,23,F
8767,Karen,History,85,42,23,1,8,2,27,42,D
4602,Nick,Sociology,95,21,44,9,5,6,55,60,C+
7274,Bryce,Speech,90,23,42,9,3,1,17,38,F
8093,Sebastian,Dramatics,95,8,29,8,7,7,9,28,F
1439,Benjamin,Latin,88,1,29,3,1,8,49,41,D
3395,Elijah,Economics,92,15,49,2,8,9,23,43,D
7988,Ron,Design and technology,83,33,37,4,6,9,81,75,B
1442,Lauren,Handwriting,91,3,41,4,9,9,29,41,D
8043,Aleksandra,Ancient Civilizations,85,26,14,8,5,8,19,34,F
3031,Holly,Music,89,42,46,5,7,3,57,67,B-
7787,Cara,Accounting,91,35,47,4,5,9,28,52,C-
6788,Vicky,Latin,95,18,11,2,7,4,93,63,C+
6677,Clint,German,86,29,49,5,4,3,5,36,F
6310,Wade,Science,91,46,29,9,2,4,24,46,D+
7215,Bristol,Mathematics,90,4,28,3,6,5,14,25,F
4884,Amelia,Science,88,19,19,4,1,5,2,19,F
1718,Joyce,Accounting,90,39,14,5,8,3,54,54,C-
5419,Rocco,Latin,98,3,45,9,1,7,57,54,C-
3994,Kurt,Accounting,87,25,10,5,7,4,71,56,C
2780,Carl,Geography,96,27,38,1,1,6,84,69,B-
4160,Estrella,Mathematics,89,22,17,5,2,4,31,35,F
6907,Chuck,Design and technology,96,22,38,4,3,5,20,37,F
4255,Danielle,Resource Program,97,12,18,2,1,7,96,64,C+
6576,Chad,Health,99,3,38,2,3,2,28,32,F
3489,Peter,Leadership,97,36,17,3,7,3,30,40,D
9826,Ron,Grammar,92,29,5,2,1,4,62,46,D+
1665,Sarah,Economics,82,23,36,6,2,3,98,75,B+
5833,Erin,Mathematics,95,18,32,8,8,9,69,65,C+
1891,Nick,Handwriting,83,22,9,2,2,2,89,58,C
3897,Domenic,Language Arts,88,29,43,5,1,2,3,31,F
8951,Charlize,Ancient Civilizations,84,41,37,5,3,6,62,65,B-
8073,Leroy,Handwriting,82,14,14,4,9,1,80,57,C
4016,Gabriel,Art,99,47,3,9,3,9,52,54,C-
6092,Rosie,LOGIC,95,10,17,4,7,9,31,35,F
1494,Liliana,Ecology,87,22,30,3,7,2,93,71,B
7108,Erick,Ancient Civilizations,85,42,39,4,3,4,73,70,B
5747,Julius,Physical Education,85,25,4,1,6,4,84,58,C
7830,Doug,Mathematics,89,27,31,3,9,2,36,45,D+
8522,Noah,Geography,87,46,25,6,3,6,96,80,A-
3811,Roger,Resource Program,99,9,6,2,6,5,53,38,F
7992,Bart,Physical Education,98,18,13,8,9,4,55,49,D+
2822,Manuel,French,84,6,8,5,1,2,19,18,F
9260,Phillip,Music,93,29,22,2,8,5,80,65,B-
9557,Sage,Handwriting,98,2,8,4,5,7,60,42,D
9338,Kirsten,Latin,88,48,49,1,1,5,42,58,C
8521,Britney,Grammar,92,34,33,4,7,6,99,81,A-
4706,Cedrick,Ancient Civilizations,83,9,6,4,7,6,50,39,F
6606,Boris,Ancient Civilizations,94,7,24,3,7,5,28,32,F
3261,Stacy,Spanish,83,20,24,7,2,9,3,26,F
4094,Allison,Geography,80,39,41,9,7,8,78,79,B+
5420,Rufus,Modern Literature,84,48,27,8,5,8,54,64,C+
1356,Owen,Leadership,85,49,35,9,1,5,56,65,C+
3937,Nathan,Design and technology,92,5,34,4,8,7,44,45,D+
1439,Kurt,Ancient Civilizations,82,10,25,2,3,4,20,27,F
1343,Tyson,Ancient Civilizations,98,26,42,2,7,8,29,47,D+
2522,Ethan,Speech,85,18,22,2,2,1,76,55,C-
5094,Harry,Basic Math,97,42,26,4,9,3,16,40,F
6089,Nate,Ecology,84,8,8,6,6,1,62,43,D
4669,Adina,Science,89,44,8,7,1,3,19,33,F
2552,Chuck,Resource Program,92,32,49,7,4,9,5,41,D
1373,Oliver,Basic Math,95,7,15,1,6,4,75,51,C-
2437,Maxwell,Health,92,18,31,3,2,2,87,64,C+
6080,Ethan,French,87,26,26,6,9,6,70,64,C+
9272,Maribel,Trigonometry,83,6,1,4,1,7,76,46,D+
9379,Harvey,Trigonometry,98,49,31,1,1,7,85,75,B+
1867,Robyn,American Literature,85,37,38,5,1,5,9,36,F
9168,John,Geography,80,9,26,3,8,2,17,27,F
3832,Elisabeth,Accounting,95,29,26,9,8,6,97,79,B+
3737,Aiden,Earth Science,81,42,13,6,5,7,25,41,D
4489,Noah,English IV,97,48,22,6,8,9,67,70,B-
9256,Julian,Spanish,90,1,10,9,1,7,50,37,F
5551,Doug,Dramatics,89,7,33,9,2,7,47,47,D+
2380,Marigold,Instrumental Music,87,36,28,5,3,7,7,33,F
8693,Ryan,Resource Program,83,15,13,4,5,6,54,44,D
8372,Lorraine,Mathematics,85,25,16,8,8,7,98,75,B
9843,Ryan,Handwriting,94,30,23,4,6,4,74,63,C+
7981,Percy,Handwriting,92,47,19,7,7,2,83,73,B
5464,Andie,Ancient Civilizations,80,23,4,2,4,9,34,34,F
8834,Harry,History,82,28,32,9,1,1,10,32,F
3828,Miriam,Music,84,44,18,5,1,9,80,69,B-
6297,Miley,Art,86,30,1,4,4,1,80,55,C
1319,Sebastian,Physical Education,87,40,40,1,8,2,77,72,B
6220,Sara,Grammar,94,11,10,8,8,8,36,37,F
7455,Liv,Sociology,83,11,3,9,7,6,3,17,F
2322,Maribel,Modern Literature,96,26,28,7,9,2,69,62,C+
3629,Rufus,History,91,44,39,2,6,2,94,81,A-
1924,Caleb,Physical Education,83,32,30,1,8,4,11,34,F
5191,Ryan,Sociology,93,21,33,3,2,8,16,33,F
4018,Olivia,Health,98,33,8,2,5,1,81,59,C
4053,Rowan,Ecology,87,18,45,1,9,4,29,44,D
1202,Estrella,Health,87,10,19,5,3,1,7,18,F
8784,Hank,Accounting,89,37,46,8,6,9,4,43,D
3642,Megan,Accounting,83,2,15,4,1,9,78,52,C-
1570,Cadence,Speech,84,15,48,8,9,7,75,72,B
7228,Benjamin,Basic Math,93,43,9,2,1,7,40,43,D
6081,Dakota,Physical Education,93,1,18,2,9,1,14,20,F
9211,Carl,Handwriting,96,26,32,9,8,9,29,48,D+
2714,Michael,Geography,97,18,22,2,8,9,5,26,F
8421,Britney,Spanish,95,31,47,5,8,7,73,74,B
8419,Hanna,Sociology,92,2,32,5,2,8,50,44,D
8709,Jazmin,Spanish,91,8,49,8,8,2,25,41,D
4194,Daron,Spanish,98,38,2,9,4,2,51,47,D+
2976,Sara,Mathematics,93,36,20,5,4,7,16,36,F
8825,Alessandra,English IV,97,2,39,5,9,9,59,55,C
1015,Denny,Spanish,94,5,44,5,2,5,39,43,D
8943,Bryon,German,84,25,14,4,3,8,48,45,D+
3693,Jack,Trigonometry,91,44,1,2,9,2,54,49,D+
5427,Fred,Handwriting,95,48,15,6,8,6,68,66,B-
4852,Nathan,Handwriting,93,40,14,2,6,7,80,66,B-
4063,Tyler,Economics,82,26,1,5,9,5,27,32,F
5518,Judith,Economics,84,37,15,1,6,9,87,70,B-
6684,Liv,History,90,10,10,9,7,5,83,59,C
3210,Eryn,Latin,86,43,39,6,4,6,15,44,D
5770,Hannah,Sociology,84,30,27,9,5,1,87,71,B
4254,Havana,Economics,97,49,40,3,1,8,78,76,B+
9327,Harry,Geography,85,21,22,3,9,6,25,37,F
3129,Audrey,Mathematics,87,48,30,4,8,9,73,74,B
8874,Matt,French,97,1,40,8,1,6,37,40,D
5209,Nancy,Dramatics,83,17,6,5,3,2,31,29,F
5777,Hank,Art,89,31,42,7,7,9,84,79,B+
2985,Fred,Geography,94,29,21,5,1,5,69,58,C
6604,Ronald,Ancient Civilizations,95,40,14,3,4,7,59,55,C
7733,Jamie,English IV,97,25,9,9,4,8,45,45,D
2269,Boris,LOGIC,81,31,27,1,7,1,81,65,B-
1608,Eden,Art,81,42,3,4,5,5,17,31,F
8384,Eileen,Earth Science,87,35,46,3,2,1,86,74,B
8678,Violet,Health,97,35,32,7,4,9,56,61,C+
3777,Chelsea,Grammar,97,21,17,9,9,3,91,69,B-
4645,Lindsay,Spanish,90,13,41,2,5,9,70,62,C+
1440,Fred,Leadership,88,47,17,7,8,2,27,44,D
3072,Mason,German,91,41,25,9,2,2,53,56,C
3299,Nick,Language Arts,99,10,20,8,3,5,63,50,C-
7547,Paige,Geography,95,49,19,6,2,5,73,67,B-
3024,Julius,Science,87,32,1,6,5,7,55,48,D+
9481,Russel,Speech,93,48,7,4,9,9,82,71,B
4052,Eduardo,Grammar,90,2,26,6,5,9,4,22,F
9339,Fiona,Geography,95,41,37,8,6,9,86,82,A-
7120,Hazel,Trigonometry,82,16,21,5,8,5,77,60,C+
7092,Nate,Basic Math,91,7,48,1,8,3,59,55,C-
6086,Maya,Ancient Civilizations,92,11,16,6,2,3,84,57,C
1009,Leroy,English IV,98,45,11,2,1,2,50,47,D+
4776,George,Accounting,88,13,31,8,5,2,64,55,C-
6975,Hayden,Geography,94,35,10,2,2,4,44,42,D
9962,Nate,Modern Literature,84,11,4,8,6,2,45,36,F
9671,Rita,LOGIC,97,38,4,1,3,8,72,57,C
3321,Harry,Ecology,96,10,25,9,8,9,13,32,F
7802,Eden,Mathematics,87,2,20,8,6,5,46,40,D
2376,Emmanuelle,Art,97,41,22,1,2,1,64,56,C
9561,Roger,Economics,94,19,44,4,6,3,49,53,C-
8243,Denny,Music,90,19,2,6,5,2,26,27,F
9677,Jack,Dramatics,97,17,33,6,7,8,4,30,F
8327,Liliana,Music,98,15,1,9,3,8,16,24,F
7880,Barney,Trigonometry,91,16,4,1,6,6,49,38,F
4287,Carl,Handwriting,82,27,28,7,1,5,69,60,C+
3607,Kaylee,Health,84,22,37,6,6,9,46,54,C-
2412,Ron,Ecology,84,38,18,5,7,3,45,50,D+
2179,Sebastian,German,98,8,24,4,5,7,63,51,C-
4669,Gladys,Geography,97,4,31,3,9,9,60,53,C-
9456,Doug,English IV,92,15,39,4,6,8,47,51,C-
3417,Phoebe,Physical Education,81,27,30,1,3,4,75,61,C+
1402,Rosemary,Health,83,43,14,8,4,3,47,51,C-
9138,Emery,Sociology,91,26,10,6,2,1,81,58,C
5477,Bob,Health,89,1,5,7,8,7,25,26,F
2336,Carter,Geography,98,7,45,1,7,4,22,35,F
8667,Rufus,American Literature,97,49,4,9,7,2,66,61,C+
4604,Abdul,German,89,21,14,8,6,4,74,58,C
4913,Chester,History,89,28,3,6,1,4,37,35,F
1494,Georgia,German,86,7,6,6,9,1,7,16,F
2515,Caleb,Basic Math,95,33,24,8,9,8,82,73,B
7180,Alba,Art,92,26,26,8,1,1,31,39,F
9723,Fred,Economics,86,6,7,7,1,5,71,47,D+
6679,Wendy,Language Arts,82,39,20,2,3,4,59,55,C-
4200,Kieth,Leadership,86,26,30,2,1,9,95,73,B
6032,Scarlett,Dramatics,86,17,19,7,3,7,38,40,D
6291,Jack,Art,97,18,36,5,9,8,91,75,B+
4244,Denny,Economics,84,37,31,1,8,4,73,67,B-
2251,Jack,Sociology,90,23,4,7,6,2,82,58,C
4340,Francesca,Speech,87,33,12,4,6,1,11,27,F
5852,Maxwell,History,96,6,31,1,2,8,1,19,F
5030,Mark,Earth Science,93,41,14,4,2,3,78,63,C+
2141,Thea,Geography,91,19,47,8,5,7,65,66,B-
6014,Vicky,Handwriting,85,31,47,2,5,9,93,82,A-
2117,Cassandra,English IV,96,49,20,2,2,9,81,71,B
4064,Ally,History,95,27,12,2,3,4,23,30,F
4691,Dakota,Speech,93,26,32,5,9,8,84,73,B
9057,Hayden,Leadership,84,28,48,5,4,6,70,69,B-
7828,George,Design and technology,80,42,20,9,4,6,54,58,C
5791,George,Trigonometry,83,16,44,5,7,9,2,33,F
1712,Doris,Ancient Civilizations,93,17,34,2,8,1,64,55,C
2645,Aleksandra,Leadership,94,25,39,1,1,4,24,37,F
9034,Johnny,Earth Science,91,21,32,6,8,8,72,66,B-
8237,Elise,Grammar,92,10,3,3,3,7,49,36,F
6752,Chadwick,Trigonometry,80,30,19,7,6,8,59,57,C
4206,John,Geography,82,37,13,5,3,2,77,61,C+
9692,Ethan,Speech,99,43,30,1,8,2,50,56,C
5781,Johnathan,Sociology,99,18,3,2,2,2,84,52,C-
1748,Percy,Ecology,91,4,16,9,7,4,31,33,F
5249,Lucas,Physical Education,88,31,26,1,6,1,41,44,D
2144,Matthew,Mathematics,98,39,44,4,2,1,57,61,C+
4061,Barney,French,89,15,26,7,9,4,7,28,F
9508,Rebecca,Grammar,90,47,21,6,1,5,82,71,B
8749,Thea,Language Arts,83,7,26,1,3,3,29,30,F
2320,Gina,English IV,97,8,11,6,9,2,96,63,C+
2885,Morgan,German,83,15,47,1,5,9,3,31,F
2103,Alan,French,94,7,20,2,8,2,76,53,C-
9382,Alba,Accounting,82,3,14,4,5,6,70,48,D+
7379,Courtney,Latin,80,49,12,2,3,8,31,43,D
6778,Tom,Leadership,87,21,5,2,8,3,82,57,C
6195,Michaela,Geography,88,7,44,7,1,5,46,47,D+
8835,Caleb,Language Arts,95,6,20,9,7,8,90,66,B-
9515,Tyson,Grammar,80,35,43,4,3,7,42,55,C
3835,Crystal,Geography,98,28,5,3,5,8,80,60,C
8554,Gil,Dramatics,92,31,49,8,8,6,96,87,A
3291,Emma,Speech,93,6,9,8,6,2,68,47,D+
4965,Barry,Earth Science,94,9,42,8,5,3,6,29,F
4756,Maribel,Accounting,88,5,13,4,5,9,85,58,C
8405,Tom,American Literature,85,44,49,1,7,2,59,67,B-
5107,Benjamin,Mathematics,81,44,40,9,9,1,65,71,B
7636,Emely,Geography,98,34,5,6,3,7,75,59,C
9753,Nathan,Dramatics,91,45,47,8,4,6,87,85,A-
6118,Rachael,Geography,81,3,18,5,6,9,77,56,C
4491,Dorothy,Speech,83,47,15,9,1,8,87,74,B
9351,Esmeralda,Art,88,16,45,9,2,6,3,31,F
8263,Iris,Design and technology,97,31,2,3,7,2,82,59,C
2409,Julia,Ancient Civilizations,98,36,1,6,5,6,2,22,F
5272,Elijah,Ancient Civilizations,81,30,2,6,6,8,12,27,F
8482,Lorraine,Accounting,85,4,34,9,8,1,72,58,C
2550,Martha,Art,81,20,9,9,5,2,45,41,D
7715,Nick,Language Arts,88,28,22,3,2,6,2,24,F
4249,Abbey,Art,84,23,46,9,5,8,91,81,A-
2840,William,Design and technology,81,27,32,5,6,3,92,74,B
3582,Phillip,History,90,31,6,5,5,9,16,30,F
5822,Sofie,Resource Program,81,8,35,1,6,7,66,55,C
4637,Leroy,Accounting,90,25,44,6,6,9,75,72,B
1103,Kirsten,English IV,99,47,15,7,1,3,94,74,B
9514,Aiden,Grammar,84,24,24,7,5,6,26,39,F
6926,Daria,Art,96,6,31,6,9,3,20,32,F
8421,Carl,Latin,94,9,38,7,8,6,41,47,D+
2941,Nicholas,Sociology,94,13,21,2,9,4,15,27,F
3867,Analise,Geography,99,6,10,2,4,3,64,42,D
4927,Ivy,Speech,85,38,15,9,8,7,62,62,C+
9803,Andie,Health,92,18,18,2,8,4,79,59,C
4331,Erick,Accounting,92,10,33,6,7,2,12,29,F
3001,Isabella,French,81,48,33,8,9,6,42,61,C+
1353,Elisabeth,Modern Literature,86,25,41,8,3,5,25,44,D
1633,Daron,Resource Program,91,6,6,3,3,9,43,33,F
9459,Logan,Instrumental Music,81,14,19,5,1,5,18,26,F
5834,Abdul,Economics,91,43,8,7,9,9,66,63,C+
1176,Harriet,Science,84,19,27,7,6,4,42,46,D+
8916,Daron,Science,90,20,27,4,7,4,77,62,C+
2142,Abdul,Geography,82,26,13,2,5,1,49,42,D
2323,Drew,Art,97,2,49,9,3,8,79,67,B-
2162,Josh,German,87,17,38,2,5,2,22,35,F
9976,Angel,Economics,83,14,2,5,4,9,34,32,F
4428,Chester,Physical Education,90,26,25,4,7,2,90,69,B-
6460,Martin,Sociology,98,8,45,4,3,6,28,39,F
2159,Eve,Basic Math,88,44,36,9,8,4,89,83,A-
2855,Rufus,Handwriting,98,40,12,7,1,5,10,30,F
7944,Alba,Resource Program,99,17,43,5,1,6,73,64,C+
1920,Gabriel,Speech,84,6,31,7,8,3,46,45,D
4785,Mona,Health,98,12,5,2,6,5,83,54,C-
1124,Gabriel,History,91,45,19,1,3,4,28,40,D
6071,Phoebe,Art,85,30,6,1,4,6,84,60,C+
4949,Ilona,Mathematics,85,21,32,4,8,1,18,34,F
9288,Kate,Trigonometry,99,26,36,3,7,9,6,34,F
9660,Candace,History,99,47,25,1,5,2,18,38,F
4263,Rae,Dramatics,83,31,48,5,9,5,26,50,C-
7760,Chris,Latin,93,31,29,4,1,9,92,74,B
4423,Cadence,French,80,23,34,9,8,5,97,79,B+
6263,Caitlyn,Handwriting,87,17,6,4,3,1,51,38,F
7140,Percy,Grammar,99,14,43,5,2,2,24,36,F
7901,Bristol,Spanish,93,30,26,7,9,7,77,70,B-
2064,Noah,Basic Math,92,13,13,3,7,7,90,63,C+
6180,Ronald,Ancient Civilizations,84,24,21,1,4,3,80,60,C
2561,Leslie,Resource Program,89,33,26,8,5,1,79,67,B-
4422,Angela,Spanish,93,31,31,2,9,5,55,57,C
7164,Adina,Spanish,85,18,2,4,9,4,49,40,D
7505,Julian,Ancient Civilizations,96,39,29,7,8,2,83,74,B
5882,Benjamin,Ancient Civilizations,86,39,39,5,2,3,29,47,D+
6958,Elijah,Sociology,91,21,8,8,2,2,45,39,F
8915,Monica,German,85,40,41,6,3,7,36,54,C-
4595,Gloria,History,96,1,12,6,4,2,20,21,F
8915,Gil,Science,92,11,9,5,1,1,66,44,D
1027,Madison,American Literature,83,27,48,6,6,1,60,63,C+
9858,Erick,Leadership,85,28,8,6,6,7,29,37,F
7038,Domenic,Leadership,80,9,31,4,7,7,30,38,F
6098,Bernadette,French,94,41,35,6,8,6,16,45,D
4542,Roger,Ancient Civilizations,90,45,31,4,5,5,92,80,B+
6901,Henry,Language Arts,81,26,39,9,2,3,93,76,B+
9692,Alan,Handwriting,95,43,17,8,9,9,69,69,B-
1602,Ronald,Handwriting,92,32,35,8,3,3,81,71,B
1190,Mona,Physical Education,99,36,10,8,8,5,84,69,B-
2888,Livia,Sociology,90,7,38,1,6,5,2,23,F
5210,Ronald,Language Arts,81,45,8,3,4,9,70,62,C+
8870,Barry,Dramatics,86,44,30,7,2,1,25,43,D
4543,Kurt,Spanish,88,7,29,1,3,6,30,33,F
2544,Cassandra,Physical Education,84,32,14,6,5,1,84,64,C+
8578,Sebastian,Art,98,40,43,5,9,4,93,85,A-
2111,Rose,Latin,83,24,1,7,3,7,7,21,F
8220,Bart,Trigonometry,97,33,48,4,5,5,15,43,D
4845,Tom,Speech,89,11,38,2,8,7,94,73,B
6161,Melanie,Resource Program,85,22,40,6,8,8,10,38,F
7964,Jack,Design and technology,86,46,10,5,5,8,40,49,D+
6609,Laila,Handwriting,90,2,40,9,1,9,33,41,D
7011,Nick,Grammar,81,20,26,6,8,7,31,42,D
5735,Ethan,Science,90,45,41,1,3,3,9,38,F
2055,Jocelyn,Speech,85,45,38,8,8,7,13,47,D+
6854,Mavis,Economics,90,44,39,9,9,1,67,72,B
2928,Mason,Resource Program,86,25,45,2,1,7,9,34,F
9360,Karla,Earth Science,88,7,30,8,1,8,56,49,D+
9555,Caleb,Physical Education,81,19,47,2,3,4,9,32,F
9743,Ronald,Art,88,30,13,9,7,7,45,49,D+
6550,Denis,Leadership,98,23,33,4,1,1,81,63,C+
9341,Fred,Music,97,22,26,2,8,4,75,61,C+
8783,Eryn,Earth Science,88,34,1,6,1,2,89,61,C+
5163,Marina,Trigonometry,99,22,24,6,9,3,8,29,F
4503,Henry,History,82,36,40,4,5,8,11,41,D
6980,Ellen,Language Arts,87,2,48,4,5,9,68,61,C+
1789,Mackenzie,Mathematics,85,25,4,7,3,4,48,41,D
6558,Wendy,Ecology,83,27,14,7,6,6,8,28,F
7507,Maia,Trigonometry,84,4,23,6,6,8,13,26,F
7290,Ramon,Handwriting,95,24,16,4,8,5,74,60,C
8089,Denny,Language Arts,97,43,22,1,7,3,10,33,F
4182,Amelia,American Literature,92,14,1,3,7,7,69,48,D+
1508,Mark,Ecology,82,39,40,5,3,7,55,63,C+
5124,Alice,History,89,10,30,2,6,1,81,59,C
1771,Martin,Ecology,92,42,3,3,6,8,1,25,F
1348,Joyce,Physical Education,87,35,33,3,3,1,33,44,D
4242,Ally,Health,87,39,41,6,5,2,63,66,B-
6285,Bristol,LOGIC,93,9,47,4,9,2,73,64,C+
8947,Luke,Art,80,40,44,5,3,8,78,76,B+
1232,John,Physical Education,98,25,14,5,9,3,84,64,C+
1920,Fred,Science,89,3,24,3,8,1,14,22,F
4389,Hank,Music,87,36,1,8,1,8,84,63,C+
5001,Natalie,Dramatics,84,13,23,2,5,3,45,40,D
9430,Nicholas,History,96,16,41,1,9,9,71,65,C+
7267,Mabel,History,92,6,27,5,2,3,96,65,C+
9545,Alessandra,Modern Literature,97,41,11,8,7,6,84,71,B
3122,Elisabeth,Latin,82,46,35,9,1,9,95,85,A
4906,Chris,Accounting,99,31,18,6,9,2,22,37,F
8538,Sabina,Art,94,22,1,8,2,2,9,19,F
8384,Mason,Art,93,48,31,8,2,2,8,38,F
5545,Alexander,Earth Science,83,42,30,5,2,6,69,66,B-
1582,Phoebe,Dramatics,82,9,13,9,3,7,83,59,C
3434,Mason,Modern Literature,99,46,19,9,2,9,2,34,F
7229,Jane,American Literature,83,13,8,2,6,9,43,37,F
2494,Harry,Dramatics,81,41,23,5,3,9,30,46,D+
2299,Carrie,Design and technology,82,42,34,2,3,5,72,68,B-
9695,Anne,Language Arts,99,49,1,8,1,2,92,69,B-
8204,Camila,Physical Education,87,42,28,5,6,7,4,36,F
4434,Fred,Dramatics,85,7,15,5,5,6,94,63,C+
5737,Benjamin,LOGIC,87,41,23,5,5,9,15,39,F
2879,Abdul,Ancient Civilizations,93,23,42,5,8,8,99,83,A-
2486,Bryon,Handwriting,88,36,44,5,5,6,29,51,C-
1492,Eileen,Resource Program,90,24,36,1,2,3,11,30,F
9963,Vera,Resource Program,97,22,42,7,9,8,11,40,F
9333,Rosalyn,French,86,21,36,6,9,4,51,55,C-
2931,Fred,Physical Education,97,46,18,8,7,7,72,69,B-
5582,Jennifer,Ecology,91,43,22,6,8,7,42,54,C-
3733,Robyn,English IV,99,7,16,3,5,3,72,50,D+
9053,Darlene,Leadership,88,29,46,3,2,2,39,49,D+
4913,Anthony,Sociology,96,41,42,2,4,5,82,76,B+
3912,Phoebe,Ancient Civilizations,89,46,11,5,4,3,43,47,D+
4228,Leanne,Science,89,23,42,7,6,5,31,47,D+
3490,Rick,Ancient Civilizations,95,16,24,5,3,9,20,33,F
2961,Doug,Accounting,80,5,49,1,6,7,16,34,F
6948,Andrea,Language Arts,92,17,19,4,6,9,27,36,F
8388,Tony,Grammar,81,7,45,1,9,9,49,52,C-
1278,Vanessa,History,95,22,38,7,5,9,63,63,C+
7147,Tom,Instrumental Music,80,34,8,1,9,3,23,33,F
8665,Cherish,Earth Science,84,1,42,2,6,7,23,34,F
1744,Eden,French,87,28,47,6,9,5,33,53,C-
5318,Chad,Resource Program,85,5,11,8,9,9,20,29,F
9748,Jacob,Leadership,84,11,37,9,3,4,94,72,B
6253,Candace,History,90,16,30,2,4,4,72,57,C
2097,Caydence,American Literature,87,36,37,9,7,8,24,50,D+
7612,Harry,American Literature,85,17,36,8,1,3,95,72,B
4276,Kimberly,Art,80,29,44,3,7,6,80,74,B
3146,Leroy,Physical Education,81,41,2,2,3,7,15,29,F
7117,Rachael,Speech,87,3,13,4,5,4,47,36,F
3986,Emery,History,88,34,9,1,4,1,61,49,D+
1981,Florence,Spanish,96,13,45,8,8,9,28,47,D+
5369,Hank,Resource Program,87,11,41,1,4,1,44,43,D
5142,Candice,American Literature,96,20,18,9,2,3,13,27,F
6248,Gabriel,Music,89,11,1,5,7,5,50,38,F
7201,Harvey,Geography,91,15,47,3,4,6,51,54,C-
9618,Mabel,Art,94,21,26,5,9,8,99,77,B+
2939,Trisha,Instrumental Music,81,37,31,1,8,4,94,77,B+
9605,Alan,Basic Math,95,40,3,1,9,9,47,48,D+
9342,Gil,Ancient Civilizations,89,25,30,9,3,6,71,64,C+
2544,Cameron,Economics,95,10,11,6,4,8,13,23,F
3785,Eduardo,Language Arts,88,33,35,4,8,8,8,38,F
5058,Ivy,Language Arts,93,13,7,4,8,2,35,32,F
4997,Moira,Accounting,85,2,43,8,3,6,66,57,C
2964,Joseph,Economics,94,5,46,3,8,7,83,68,B-
2070,Kenzie,Instrumental Music,80,25,48,5,9,9,2,38,F
4333,Aiden,Health,94,20,33,5,1,6,51,50,C-
8296,Russel,Art,84,25,2,5,6,3,60,46,D+
1084,Melania,Earth Science,89,1,18,8,7,6,74,54,C-
8694,Nathan,Latin,81,19,27,6,3,7,22,35,F
7582,Nate,English IV,80,14,23,5,4,4,76,57,C
3342,Jamie,Language Arts,83,46,33,2,2,8,87,77,B+
2634,Harry,Trigonometry,85,22,33,9,9,9,90,78,B+
1778,Barry,Sociology,82,49,4,4,3,2,40,43,D
1864,Carl,Economics,86,11,30,9,2,5,37,41,D
1742,Marilyn,Language Arts,88,1,2,8,5,4,85,52,C-
4334,Christine,French,98,40,34,1,8,6,65,66,B-
3873,Rufus,Economics,95,6,22,4,1,7,39,35,F
1293,Carl,Modern Literature,87,28,4,4,5,7,6,22,F
3180,Sydney,Geography,95,14,40,3,1,7,80,64,C+
8529,Denis,History,98,12,45,4,1,3,8,28,F
8643,Chadwick,Ancient Civilizations,97,22,6,1,4,1,87,56,C
3780,Jessica,Language Arts,93,17,8,5,7,7,67,52,C-
6629,Mark,Sociology,82,31,42,5,1,7,73,69,B-
8033,Piper,Accounting,87,19,19,2,1,3,69,51,C-
6780,Jacqueline,Art,84,27,29,2,5,5,35,43,D
2137,Matthew,Leadership,93,15,25,2,9,1,20,30,F
4399,Ruby,Resource Program,99,47,39,2,6,7,39,57,C
1850,Owen,Health,82,21,16,8,8,2,19,31,F
9975,Enoch,Art,85,34,4,6,8,3,68,56,C
2645,Rylee,Ecology,87,28,32,4,4,9,61,60,C+
1880,Catherine,Economics,80,8,4,8,1,2,5,12,F
8112,Claire,Modern Literature,99,34,6,1,9,9,9,28,F
7812,Nick,French,92,2,37,3,4,8,26,34,F
6440,Cynthia,English IV,96,33,45,6,9,2,54,63,C+
9184,Tara,Handwriting,86,28,48,3,3,9,69,69,B-
7741,Josh,Art,89,26,3,2,8,7,25,31,F
8330,Bree,English IV,93,43,22,2,4,9,89,75,B
5184,Diane,German,92,34,9,3,2,5,28,34,F
3668,Eduardo,Physical Education,96,9,20,5,8,3,84,60,C+
9009,Michael,American Literature,99,45,5,8,1,6,70,60,C+
9448,Havana,Physical Education,86,44,18,9,6,6,70,67,B-
5777,Logan,Physical Education,84,4,14,8,8,2,58,44,D
4817,Mason,Trigonometry,89,35,14,2,3,5,67,56,C
8897,Kieth,Handwriting,87,41,25,2,8,7,26,45,D
2337,Payton,Earth Science,90,34,2,6,3,7,49,45,D+
9724,Kieth,Grammar,94,21,32,7,5,4,22,38,F
9518,Danny,Physical Education,83,35,22,3,6,4,88,70,B
1802,Clint,Dramatics,98,9,29,2,6,3,90,64,C+
1326,Gabriel,Handwriting,91,5,4,5,2,3,91,54,C-
1734,Alba,LOGIC,82,25,17,2,9,2,12,27,F
3360,Marina,History,82,25,24,1,3,7,99,72,B
8715,Mason,Ancient Civilizations,83,6,18,2,1,3,65,44,D
9740,Marissa,French,81,3,5,8,5,3,78,50,D+
1748,Lily,Leadership,86,47,29,1,1,9,19,42,D
9261,Barry,Sociology,93,16,11,8,7,1,88,61,C+
5245,Nicole,Resource Program,92,22,21,1,5,3,73,56,C
8966,Logan,Speech,81,39,20,6,1,2,74,62,C+
8600,Joy,Music,97,18,39,6,6,5,75,66,B-
8069,Stacy,German,90,16,8,6,1,4,91,59,C
5797,Dalia,Dramatics,80,13,21,4,2,9,68,53,C-
8844,Charlotte,Music,86,28,3,3,9,6,22,31,F
8136,Morgan,English IV,97,14,5,5,4,2,34,29,F
5038,Ramon,Art,85,16,26,2,2,4,76,57,C
3083,Luke,Geography,84,49,29,6,8,5,28,51,C-
9121,Meredith,Instrumental Music,93,18,7,3,6,6,52,42,D
2685,Catherine,Basic Math,87,15,37,7,7,4,83,69,B-
4458,Benny,Latin,96,4,5,9,8,4,85,56,C
3473,Aurelia,Physical Education,89,32,9,1,9,7,15,30,F
1187,Alan,Physical Education,97,32,15,8,1,7,85,67,B-
1302,Chester,Science,94,27,4,3,7,8,17,28,F
7991,Paige,Science,98,41,6,5,7,5,7,28,F
5481,Angelica,Accounting,87,10,23,6,9,3,12,27,F
9383,Regina,Music,84,44,31,9,6,1,33,51,C-
7006,Alice,Modern Literature,93,36,24,7,6,1,32,44,D
3839,Caitlyn,Health,80,8,43,8,2,8,92,73,B
2974,Jack,Sociology,92,29,11,9,7,8,4,28,F
8036,Liam,History,86,27,37,2,2,7,8,32,F
6926,Jules,Trigonometry,90,43,24,1,8,9,46,55,C
4833,Fiona,Trigonometry,89,4,44,5,6,3,44,46,D+
9367,Maria,Instrumental Music,95,41,17,1,1,6,25,37,F
9847,Mike,Physical Education,80,2,18,4,6,1,13,19,F
9914,Russel,Handwriting,94,4,33,3,7,1,78,57,C
4805,Gladys,Language Arts,94,5,32,7,8,9,80,65,C+
3325,Leroy,Resource Program,80,4,43,2,3,6,43,43,D
1052,Josh,English IV,94,6,14,4,7,9,24,29,F
2702,Denny,Speech,85,15,13,8,9,2,22,30,F
5054,Maxwell,Grammar,97,3,29,4,5,8,14,27,F
3844,Kurt,LOGIC,87,18,27,5,4,2,84,63,C+
8826,Gina,Economics,87,41,28,9,4,7,25,47,D+
8967,Jack,German,99,12,11,8,4,4,46,39,F
8442,Angelique,Resource Program,87,45,44,3,4,7,9,43,D
2361,Aisha,Accounting,87,34,38,8,6,4,40,54,C-
4865,Bethany,Physical Education,84,19,15,3,6,7,41,40,D
6556,Alan,Physical Education,90,22,32,1,2,3,50,47,D+
6467,Jayden,Resource Program,85,42,26,1,6,8,11,37,F
7393,Rose,Design and technology,98,34,25,9,2,2,35,45,D
3769,Danny,Economics,99,8,16,2,6,2,7,17,F
6647,Daron,German,87,7,22,7,6,2,58,47,D+
7839,Amelia,Resource Program,91,26,47,5,2,2,38,49,D+
7640,Chuck,American Literature,95,44,19,7,4,3,93,76,B+
1802,Ramon,Trigonometry,95,15,19,5,4,5,22,30,F
6133,Greta,Latin,82,29,40,2,1,9,89,75,B
2608,Benny,Sociology,85,17,27,4,8,7,32,41,D
9756,Jack,Resource Program,99,37,33,2,7,7,84,75,B
5017,Lucas,German,96,38,40,9,3,2,96,82,A-
8598,Harriet,Geography,91,2,2,9,1,7,52,36,F
7899,Ellen,Ecology,85,31,3,5,8,3,13,26,F
9537,Kendra,Instrumental Music,81,25,39,6,9,5,10,37,F
1715,Naomi,Modern Literature,97,9,32,2,7,7,18,31,F
5266,Martin,Sociology,86,23,9,8,7,4,68,55,C-
5013,Manuel,Latin,95,46,27,2,5,7,6,36,F
9387,Mabel,Design and technology,85,36,44,9,7,6,39,59,C
3164,Owen,German,97,9,17,4,1,7,76,53,C-
3789,Marvin,German,99,19,35,6,5,3,43,47,D+
6411,Carina,Basic Math,88,10,23,9,8,6,11,29,F
3003,Tiffany,Music,92,2,18,8,1,7,29,30,F
8049,Logan,Grammar,81,38,25,2,2,1,13,31,F
6310,Bart,Physical Education,91,38,7,9,1,9,20,35,F
9403,Carter,Earth Science,93,37,34,2,6,2,74,67,B-
5445,Carter,Accounting,92,6,35,5,6,4,5,24,F
4897,Gabriel,History,83,22,30,7,2,6,32,42,D
7665,Phillip,LOGIC,90,5,38,5,9,4,93,71,B
3061,George,French,97,7,2,3,6,4,83,51,C-
7160,Aiden,French,88,28,12,6,9,1,13,29,F
6295,Ethan,Geography,95,29,30,7,1,4,63,58,C
4515,Eve,Health,93,28,23,7,9,1,94,73,B
7658,Maggie,English IV,80,34,11,3,4,5,88,66,B-
2659,Cassandra,English IV,96,18,23,6,8,3,46,46,D+
4304,Barney,Language Arts,94,45,33,2,3,2,9,35,F
5661,Lana,Leadership,88,28,46,5,8,9,16,45,D
5267,Rose,Language Arts,86,37,5,3,3,2,67,52,C-
4375,Trisha,History,85,47,15,6,3,3,74,65,C+
1798,Chad,Design and technology,94,47,44,7,4,5,46,63,C+
9367,Benjamin,Leadership,99,30,45,1,9,8,92,81,A-
9140,Gil,Ecology,83,14,49,2,2,7,90,73,B
6825,Amelia,Music,87,2,8,4,6,8,21,23,F
2515,Caydence,Speech,83,47,35,7,2,3,91,80,A-
7000,Michael,Resource Program,84,40,30,7,2,3,69,65,B-
3141,Chuck,Dramatics,94,11,43,9,6,2,11,33,F
7750,Mabel,Resource Program,90,6,2,5,5,6,61,41,D
7664,Manuel,Language Arts,90,41,17,7,9,7,95,79,B+
8785,Jack,Speech,91,13,25,8,3,7,69,57,C
5105,Kurt,Latin,87,14,24,7,6,7,9,28,F
5119,Alan,Language Arts,99,33,3,6,8,3,43,43,D
3544,William,Mathematics,97,27,39,1,7,4,92,75,B+
9454,Lucas,Latin,91,21,4,3,3,1,20,22,F
2602,Chuck,Ancient Civilizations,96,14,41,7,7,8,40,50,C-
2762,Rufus,Design and technology,80,21,46,9,6,1,73,68,B-
4363,Adalind,Basic Math,80,4,31,5,5,1,39,37,F
9075,Manuel,Ancient Civilizations,88,35,25,2,9,7,8,34,F
6154,Elijah,Physical Education,93,21,32,4,4,4,12,31,F
4772,Cameron,American Literature,90,14,37,2,2,3,34,38,F
2153,Liliana,Geography,91,49,12,4,4,2,6,29,F
7170,Julian,Leadership,91,20,11,8,2,7,95,67,B-
3163,Ivette,Instrumental Music,86,9,12,4,7,5,77,54,C-
6388,Miley,Resource Program,92,41,32,2,9,1,94,79,B+
7622,Daniel,Ancient Civilizations,87,35,18,9,3,1,61,56,C
2573,Paige,Trigonometry,95,34,3,2,9,4,56,48,D+
3982,Carl,Modern Literature,94,39,19,3,1,8,93,73,B
6744,Chanelle,Spanish,98,39,26,1,8,2,68,62,C+
6245,Noah,Economics,99,3,48,1,7,1,53,49,D+
8448,Logan,History,87,48,28,6,1,1,81,71,B
2481,Boris,Design and technology,97,38,13,6,8,6,36,46,D+
6265,Michael,American Literature,85,40,16,3,1,1,87,66,B-
6337,Michaela,Basic Math,92,22,28,5,3,2,68,57,C
5495,Mandy,Language Arts,80,10,10,8,1,2,94,60,C
6395,Kieth,Language Arts,84,34,38,3,8,9,77,74,B
7190,Tony,Geography,91,7,41,1,4,4,25,34,F
6863,Bart,Ancient Civilizations,90,38,7,1,3,9,70,57,C
9192,Quinn,Basic Math,98,11,44,7,9,3,71,64,C+
3611,Tyler,Dramatics,99,31,4,9,1,8,61,52,C-
1465,Sarah,Health,96,7,49,2,7,7,83,69,B-
2408,Peyton,Instrumental Music,84,11,31,2,6,4,94,68,B-
5381,Sydney,English IV,99,39,25,1,3,9,89,73,B
5278,Barry,Latin,84,20,37,7,8,5,99,79,B+
8006,Mabel,English IV,83,19,42,4,8,2,26,41,D
2970,Hayden,Design and technology,89,10,10,6,7,4,91,61,C+
3096,Sydney,Earth Science,85,49,12,5,8,5,40,50,C-
2358,Chuck,Physical Education,91,30,7,2,9,1,70,54,C-
9903,Ronald,Leadership,86,45,28,6,3,8,55,62,C+
2429,Mason,Trigonometry,92,5,43,1,4,4,77,60,C
4395,Fred,Latin,80,30,29,5,6,5,83,70,B
6131,Abdul,Earth Science,83,34,16,9,3,3,60,55,C
7565,Skylar,Instrumental Music,99,1,3,3,8,7,35,28,F
9116,Danielle,Mathematics,86,44,48,1,7,2,6,40,D
3144,Barney,Resource Program,80,45,10,8,5,1,50,51,C-
1758,Priscilla,American Literature,84,30,29,5,3,6,14,35,F
7081,Kimberly,Latin,95,17,22,9,3,5,40,42,D
2275,Ryan,Health,82,48,7,1,1,2,26,34,F
4695,Kaylee,Ancient Civilizations,84,32,18,4,3,8,40,45,D+
7011,Makena,Art,81,6,42,4,6,8,95,73,B
8579,Judith,Earth Science,90,24,30,3,3,6,93,71,B
3519,Russel,Ancient Civilizations,87,7,39,6,8,3,52,51,C-
7224,Daniel,Music,83,44,2,3,7,6,43,46,D+
3836,Johnathan,Earth Science,92,6,44,8,9,6,80,69,B-
4241,Sofie,French,93,37,36,6,9,1,66,67,B-
9963,Cherish,Speech,85,16,36,3,1,9,31,40,D
8502,Charlize,Accounting,96,24,33,7,1,4,89,70,B
2613,George,American Literature,92,10,14,5,2,6,43,36,F
7686,Danny,Physical Education,80,42,28,1,6,6,90,76,B+
5353,Daron,Ancient Civilizations,99,46,12,9,3,9,33,47,D+
9533,Doug,Leadership,82,34,27,1,5,7,68,62,C+
1474,Domenic,Handwriting,87,24,41,2,9,7,27,45,D+
9773,Gil,Resource Program,84,12,17,3,2,3,44,36,F
1567,Sydney,Economics,98,36,44,5,6,2,14,42,D
1328,Leroy,Handwriting,98,28,38,1,2,1,63,57,C
8245,Aileen,Modern Literature,85,23,15,7,3,5,36,39,F
6372,Dalia,History,98,29,5,3,4,1,14,23,F
5042,William,Dramatics,84,15,39,5,2,2,37,42,D
6847,Tom,Economics,97,22,22,3,9,9,59,55,C
1229,Phillip,Health,93,32,10,9,9,7,56,55,C
8208,Adeline,Handwriting,93,11,49,9,7,4,24,43,D
7960,Julius,Basic Math,89,35,32,8,1,2,23,40,D
3558,Ronald,Design and technology,91,30,8,3,2,2,67,50,C-
4346,Leah,Design and technology,97,38,11,3,1,2,19,30,F
4449,Liam,Art,87,9,24,4,2,6,45,40,D
4521,Brad,Art,95,33,20,7,4,3,8,30,F
5640,Dani,German,90,42,44,6,8,1,5,40,D
4220,Benjamin,Modern Literature,91,12,48,8,8,1,9,34,F
3901,Joseph,Speech,97,1,27,8,3,8,91,65,C+
4717,Chadwick,Health,84,32,32,5,6,7,39,51,C-
2484,Noah,Mathematics,93,5,9,7,6,5,8,18,F
7359,Ramon,Ancient Civilizations,97,48,44,1,9,7,27,54,C-
5574,Bristol,Health,97,2,17,2,3,5,34,29,F
3846,Maribel,Language Arts,89,16,23,7,5,2,43,42,D
5731,Evelynn,Health,95,37,34,6,5,7,64,66,B-
8657,Domenic,German,80,10,7,4,4,2,62,42,D
3582,Caydence,Resource Program,82,23,28,6,3,2,7,27,F
7570,Julius,Modern Literature,83,12,29,5,7,9,57,53,C-
6176,Mandy,English IV,86,15,13,6,1,8,27,31,F
9780,Paige,Handwriting,99,31,11,1,9,5,44,44,D
9707,Marla,Economics,99,1,45,8,8,4,67,60,C
5576,Barney,Geography,95,7,14,4,7,1,25,26,F
6165,Mayleen,Speech,83,13,48,3,7,1,7,30,F
9066,Enoch,Accounting,96,17,13,6,3,9,85,62,C+
9929,Hayden,Design and technology,97,43,4,7,6,8,34,44,D
4205,Roger,Grammar,86,41,33,8,6,7,63,68,B-
2485,Valerie,Basic Math,81,15,46,1,1,8,33,43,D
1829,Fred,Instrumental Music,84,18,6,2,9,5,28,30,F
5211,Luke,Trigonometry,81,2,22,9,4,3,15,24,F
1676,Chanelle,Language Arts,91,39,39,8,5,7,50,62,C+
6342,Kieth,Geography,90,29,15,7,4,7,14,31,F
2424,Boris,Spanish,89,11,45,6,1,5,99,75,B+
3137,Margaret,Leadership,90,39,16,4,2,1,54,50,D+
4277,Rocco,Trigonometry,80,26,42,7,6,9,41,55,C
4880,Kaylee,Art,93,17,28,9,8,7,6,31,F
9794,Abdul,Ancient Civilizations,87,4,25,5,9,6,12,26,F
6895,Chadwick,Geography,96,11,19,8,4,8,5,23,F
5690,Elijah,Earth Science,90,6,49,8,3,2,86,69,B-
3292,Denis,LOGIC,91,7,39,2,2,1,83,60,C+
3910,Hannah,Trigonometry,92,24,17,5,1,3,23,30,F
7967,Alan,Science,96,27,20,5,1,4,91,67,B-
2879,Percy,Science,99,32,13,1,2,7,4,23,F
9315,Josh,Health,97,25,25,5,7,2,54,52,C-
2683,Henry,Trigonometry,87,15,12,8,7,9,50,46,D+
1674,Ron,French,87,24,35,3,9,2,55,55,C
4654,Mara,Basic Math,83,33,45,9,5,6,71,73,B
9872,Jade,German,87,13,48,8,4,9,9,36,F
3154,Harvey,Handwriting,87,6,1,8,4,2,37,28,F
2352,Marla,Music,80,7,29,9,7,4,87,66,B-
4267,Cadence,Dramatics,84,5,22,3,2,8,55,43,D
5826,Rhea,French,82,15,40,9,7,2,49,53,C-
3796,Enoch,Ecology,81,11,41,2,5,3,66,56,C
3384,Hope,Basic Math,95,44,45,4,2,1,54,62,C+
2768,Carl,Science,90,49,14,1,7,7,69,64,C+
1154,Jacob,Resource Program,94,1,11,5,9,4,27,27,F
5868,Norah,Geography,96,26,45,1,3,1,47,51,C-
2710,Ryan,Mathematics,97,35,41,9,4,5,93,82,A-
8024,Jack,Design and technology,99,8,45,2,6,1,18,32,F
9129,Rae,Ancient Civilizations,88,9,38,2,7,4,63,54,C-
2940,Laila,Science,87,7,26,6,1,9,73,56,C
3109,William,Speech,97,29,38,2,2,4,45,50,D+
4055,Ron,Grammar,89,13,33,2,2,8,51,48,D+
7890,Jocelyn,Language Arts,94,39,38,6,1,9,18,44,D
5884,Karla,Mathematics,96,14,10,4,5,3,23,26,F
6346,Denis,Earth Science,91,34,14,9,9,8,89,74,B
6049,Brad,Physical Education,82,43,48,4,5,4,50,63,C+
2988,Rachael,Physical Education,81,22,20,9,8,3,24,37,F
2766,Benjamin,Spanish,82,10,5,4,1,1,38,27,F
7255,Kurt,Leadership,87,7,17,4,2,7,82,56,C
2389,Benjamin,Physical Education,83,29,41,6,9,1,61,63,C+
2038,Valentina,Instrumental Music,84,36,39,3,2,4,48,55,C-
9942,Jack,Trigonometry,99,3,14,6,4,1,46,34,F
2142,Nick,History,94,2,25,5,5,1,35,32,F
1763,Ron,Modern Literature,91,44,30,6,9,6,45,59,C
1801,Goldie,Art,90,31,38,3,3,7,50,56,C
5455,Tom,English IV,99,1,37,7,6,9,42,45,D+
4354,Karla,Latin,98,24,19,1,7,2,82,61,C+
5829,Jacob,Speech,94,25,44,7,2,7,67,66,B-
9436,Macy,Leadership,84,46,30,9,2,1,53,59,C
4354,Sasha,Speech,91,35,14,9,3,9,31,43,D
3949,Lucas,Latin,86,15,12,8,8,7,67,54,C-
3300,Luke,Grammar,96,13,23,4,8,1,76,57,C
4269,Liv,Mathematics,81,46,10,5,2,5,70,61,C+
6477,Juliet,Accounting,85,29,15,6,3,3,75,59,C
3971,Marie,Science,96,43,2,5,8,2,25,36,F
7235,Bart,Latin,99,12,16,7,3,6,23,29,F
5009,Erick,Design and technology,82,49,43,2,2,8,51,64,C+
8796,Carol,Mathematics,96,7,16,5,7,6,51,43,D
1362,Javier,Speech,86,32,3,4,5,9,19,31,F
9866,Renee,Ancient Civilizations,97,37,3,6,7,1,42,42,D
8320,Gwen,Music,91,20,10,4,8,8,63,52,C-
8904,Abdul,Grammar,89,33,12,1,8,3,58,51,C-
6357,Cadence,Instrumental Music,88,13,28,4,1,9,46,44,D
9860,Nate,Economics,80,3,32,2,2,1,35,32,F
2400,Julius,Speech,82,15,19,4,6,3,15,26,F
2086,Rosie,Dramatics,95,49,46,8,4,7,73,79,B+
7608,Mike,Ancient Civilizations,99,32,9,4,6,2,50,45,D+
9554,Bob,American Literature,95,7,14,1,7,3,20,23,F
5604,Vanessa,Spanish,88,14,33,3,3,6,61,53,C-
8102,Greta,LOGIC,94,15,37,2,2,6,3,25,F
7955,Benjamin,Geography,93,12,40,6,4,1,45,46,D+
7626,Alessandra,Sociology,81,11,45,8,4,8,86,73,B
1335,Madison,German,97,21,48,3,5,2,54,56,C
5886,Alessia,History,87,31,22,4,7,3,59,55,C
6547,Barry,Dramatics,90,11,27,3,4,3,22,29,F
1331,Harry,Basic Math,89,18,19,6,1,5,33,35,F
7845,Jenna,Language Arts,96,41,15,4,9,1,62,58,C
6128,Carl,Latin,85,45,37,7,2,7,28,51,C-
4929,Makena,Health,81,7,4,1,2,2,9,11,F
9856,Victoria,LOGIC,95,21,35,1,1,3,18,31,F
9065,Gabriel,Sociology,90,5,24,8,4,3,60,48,D+
1056,Stacy,Basic Math,82,39,8,3,9,8,48,50,C-
4887,Bridget,Ecology,87,6,17,1,2,7,97,62,C+
9558,Marjorie,Speech,97,31,49,6,3,8,78,76,B+
6645,Leanne,Dramatics,89,14,46,8,7,4,30,46,D+
8566,Harry,Modern Literature,99,34,19,5,3,1,91,69,B-
4888,Bryon,Instrumental Music,89,45,26,3,4,6,69,66,B-
9074,Cassidy,Geography,96,31,3,2,4,9,59,49,D+
9544,Cynthia,Geography,96,32,15,2,8,5,67,57,C
3201,Colleen,History,93,40,1,3,5,1,73,55,C
6080,Kamila,French,98,44,37,5,2,7,99,85,A-
2448,Nathan,Leadership,88,5,44,9,2,8,18,36,F
3528,John,Modern Literature,91,47,12,2,1,4,58,53,C-
6741,Livia,Mathematics,85,35,21,4,3,4,91,71,B
5115,Holly,LOGIC,91,20,45,4,5,8,94,78,B+
9652,Lillian,History,97,16,39,3,9,7,56,57,C
6614,Joseph,Art,80,40,10,5,7,5,79,66,B-
6972,Harvey,Sociology,93,19,42,3,6,9,75,68,B-
5520,Chester,Latin,80,41,6,6,1,4,19,31,F
3266,Vanessa,Leadership,91,18,6,3,9,1,47,38,F
3482,Angelina,Physical Education,93,31,21,4,7,2,62,56,C
1317,Mackenzie,Resource Program,81,38,18,5,1,4,42,46,D+
6469,Eden,Art,91,40,24,2,4,9,65,62,C+
2476,Liam,Sociology,91,9,24,3,7,6,7,23,F
8154,Camden,LOGIC,94,15,17,8,5,1,6,21,F
8023,Marvin,Spanish,93,2,31,9,6,7,64,55,C-
9228,Roger,Latin,97,9,9,9,8,7,80,58,C
2597,Shelby,Grammar,94,4,9,8,5,5,64,46,D+
3169,Barney,Geography,94,24,23,6,7,9,30,42,D
9917,Anabel,Grammar,95,22,8,7,5,2,31,33,F
4145,Doug,Leadership,98,15,27,7,8,3,14,31,F
8638,Paula,LOGIC,95,23,35,5,3,1,83,66,B-
4451,Enoch,Ecology,99,15,37,6,7,9,49,54,C-
2071,Angelina,Leadership,91,29,8,1,9,1,2,19,F
8484,Mona,Design and technology,98,32,34,1,9,9,31,48,D+
2977,Logan,English IV,88,17,12,1,3,5,17,23,F
1857,Julian,Leadership,93,43,7,4,2,1,73,58,C
7576,Adalie,Geography,80,20,6,9,7,9,57,50,C-
8470,Caleb,French,85,9,41,8,9,8,50,55,C
2479,Bryon,Sociology,95,48,41,8,6,7,31,57,C
1936,Ema,Mathematics,86,15,42,9,3,7,20,39,F
6880,Mabel,Dramatics,83,30,47,5,3,1,86,74,B
3207,Remy,Language Arts,96,31,8,1,8,4,82,61,C+
3434,Havana,Health,97,42,27,9,1,6,75,70,B-
1651,Cynthia,Basic Math,83,40,11,9,1,4,30,40,F
5379,Cameron,Trigonometry,91,22,12,7,2,8,85,63,C+
5669,Miriam,German,89,36,6,9,4,9,31,41,D
9573,Danny,Modern Literature,90,21,17,9,9,3,40,44,D
6182,Iris,Geography,85,13,5,7,4,4,89,58,C
8214,Daphne,Health,80,17,24,8,2,1,38,39,F
6569,Phillip,Spanish,90,45,40,4,3,9,63,69,B-
7121,Regina,Science,88,23,42,8,6,6,95,80,A-
5653,Piper,Spanish,97,20,1,4,2,1,32,27,F
2712,Jaylene,Ancient Civilizations,87,36,10,9,9,1,99,75,B+
9362,Chris,Trigonometry,96,46,1,9,3,5,80,65,C+
6765,Charlize,Art,92,3,21,4,9,7,53,45,D
3000,Jane,Spanish,99,6,6,7,6,6,89,58,C
7391,Chuck,Ancient Civilizations,84,29,5,4,2,8,81,59,C
7798,Angel,Music,87,5,7,5,5,2,24,22,F
4355,Brad,Grammar,98,47,45,8,5,8,16,51,C-
6880,Havana,Handwriting,84,41,41,3,5,6,66,69,B-
6126,David,Science,93,37,2,6,1,2,74,55,C
4859,Blake,German,89,34,7,5,3,3,92,66,B-
2963,Ember,LOGIC,87,43,16,7,2,6,65,61,C+
6641,Cadence,Speech,93,13,9,8,9,8,2,21,F
9106,Rosalee,Ancient Civilizations,81,19,8,2,1,3,34,29,F
1641,Josh,Sociology,96,19,8,3,4,9,8,21,F
8279,Chuck,Economics,95,1,44,3,5,4,11,27,F
4774,Britney,LOGIC,98,40,47,5,1,6,39,56,C
8225,Rick,Grammar,89,21,39,7,7,5,9,35,F
8180,Hank,Physical Education,92,29,8,3,7,7,99,71,B
6335,Juliette,Geography,99,22,17,3,8,9,43,45,D+
5751,Gwen,Resource Program,80,27,23,5,8,6,66,60,C+
7291,Aisha,Health,90,11,18,4,7,9,62,51,C-
1785,Gabriel,Basic Math,87,24,17,3,4,6,16,29,F
1729,Evelynn,History,95,28,31,8,2,9,37,49,D+
2762,Shelby,Language Arts,85,47,7,9,4,2,47,50,D+
3176,Gloria,Instrumental Music,93,7,49,2,5,2,3,26,F
4678,Sebastian,Handwriting,84,22,40,8,8,8,68,68,B-
1281,Rosa,Earth Science,92,10,20,2,5,3,93,62,C+
9865,Makena,German,98,43,24,8,9,4,15,41,D
9572,Freya,Ecology,85,34,34,2,6,4,68,64,C+
3939,Makenzie,Art,83,25,39,8,3,7,78,70,B
6337,Brad,Trigonometry,81,25,46,3,1,8,25,43,D
9975,Liam,Sociology,82,47,35,5,3,6,59,65,B-
6156,Dasha,Leadership,99,36,49,1,2,2,38,51,C-
6830,Abdul,History,92,31,10,3,3,4,85,62,C+
6060,Tyler,Leadership,99,18,42,1,8,5,16,36,F
5119,Isla,French,99,27,11,4,9,6,13,29,F
7757,Alan,Ancient Civilizations,97,15,5,3,1,4,26,24,F
4662,Caleb,Modern Literature,96,38,32,3,1,3,89,73,B
9405,Daron,Earth Science,82,33,32,1,9,4,20,40,F
2588,Daron,Spanish,90,23,27,1,5,4,81,63,C+
2575,Jayden,Art,98,35,23,7,7,6,81,71,B
6969,Sloane,Leadership,86,9,22,6,1,4,85,59,C
4261,Denny,Language Arts,99,11,9,7,1,8,47,39,F
5254,Rachael,Music,82,37,46,6,3,7,62,68,B-
7171,Owen,Dramatics,88,6,18,6,8,4,43,39,F
1795,Daniel,Speech,83,37,12,5,1,5,3,24,F
4539,Alex,Art,81,3,34,7,5,2,17,28,F
2194,Mason,Leadership,87,39,4,3,5,9,9,28,F
8791,Bart,English IV,89,30,10,3,7,6,13,29,F
6995,Leroy,Grammar,88,3,16,9,2,9,28,31,F
6599,Bryce,Art,81,18,22,5,7,9,8,29,F
5937,Nancy,Design and technology,94,27,4,5,2,4,52,42,D
9318,Kieth,LOGIC,92,18,2,9,6,8,18,28,F
4871,Tyson,Earth Science,90,27,42,9,3,9,13,41,D
7592,Carina,Instrumental Music,90,17,39,8,6,7,85,73,B
3512,Kimberly,Art,84,36,5,4,7,4,25,34,F
9846,Caleb,French,82,1,27,7,3,2,58,45,D
8127,Rosemary,American Literature,96,42,35,2,8,3,40,53,C-
5625,Marvin,Accounting,91,17,6,8,8,3,74,55,C-
9742,Julian,Music,99,10,38,3,9,5,71,61,C+
1592,Valentina,Accounting,81,45,12,7,5,6,1,29,F
3465,Matt,Mathematics,88,23,10,6,4,3,36,36,F
9180,Sloane,Physical Education,90,43,25,5,5,4,87,74,B
2601,Rhea,Speech,96,14,10,6,2,7,14,23,F
6480,Hope,History,92,38,15,1,3,1,42,42,D
6350,Javier,Ancient Civilizations,92,18,19,2,1,1,67,48,D+
3468,Susan,Music,95,31,46,4,8,2,63,65,B-
1324,Isla,Art,85,13,37,2,4,1,78,60,C+
2779,Claire,Economics,88,32,42,2,9,7,5,37,F
2066,Ethan,Physical Education,86,48,33,2,9,2,27,48,D+
3377,Britney,Accounting,92,4,6,5,8,7,65,46,D+
7256,Martin,Instrumental Music,86,10,14,5,6,2,94,62,C+
8493,Benny,Instrumental Music,97,46,38,5,3,1,56,62,C+
8621,Barry,English IV,94,49,38,1,5,8,37,56,C
4713,Peter,Instrumental Music,90,33,24,8,4,6,6,32,F
9803,Mark,German,96,11,9,7,4,4,59,44,D
4499,Kurt,Dramatics,99,24,14,7,6,7,13,30,F
3551,Rylee,Basic Math,81,21,5,1,4,6,1,15,F
4943,Lexi,Geography,91,8,27,9,7,4,96,70,B
3430,Gloria,Art,98,36,1,6,6,9,30,38,F
1587,Ronald,Handwriting,90,8,38,6,4,1,94,69,B-
2240,Denny,English IV,97,46,6,3,6,9,69,62,C+
3912,Josh,History,81,26,19,9,7,1,1,25,F
2412,Gwen,Modern Literature,91,32,19,2,2,1,93,67,B-
2151,Louise,Speech,91,41,5,5,4,3,31,38,F
2065,Julius,Leadership,85,5,12,3,4,3,93,57,C
2685,Hadley,German,96,18,23,8,5,8,63,56,C
3746,Joseph,Music,88,47,27,9,3,6,67,68,B-
6112,Tyler,Mathematics,88,19,15,9,9,7,67,58,C
9924,Abdul,Physical Education,87,1,36,1,5,8,47,43,D
1978,Jacob,English IV,99,33,15,7,5,1,33,40,F
5896,Benjamin,Leadership,89,46,4,6,6,9,93,75,B
2984,Emerald,French,99,28,27,2,2,1,85,64,C+
6463,Greta,Art,81,21,32,6,3,3,66,58,C
5755,Rebecca,Resource Program,85,27,40,9,9,2,56,61,C+
7924,Chester,Dramatics,88,34,36,2,3,8,26,44,D
4339,Agnes,German,89,42,33,9,9,7,71,74,B
5145,Megan,Basic Math,83,16,49,4,3,1,63,58,C
6248,Natalie,Resource Program,89,48,48,9,1,9,87,87,A
9244,Denis,Instrumental Music,81,5,47,3,1,3,89,66,B-
1841,Johnathan,English IV,82,26,21,2,9,5,17,33,F
7830,Lana,Art,92,18,35,9,1,6,78,66,B-
9601,Johnny,Economics,87,11,44,4,9,1,41,47,D+
3466,Bernadette,American Literature,82,42,22,5,9,1,35,47,D+
9451,Roger,English IV,81,23,30,6,1,2,32,39,F
3640,Matthew,Modern Literature,93,9,10,3,5,6,14,21,F
1365,Javier,Spanish,89,11,43,5,6,6,76,65,B-
6534,Nina,Mathematics,99,6,22,8,4,9,29,35,F
7718,Kurt,Mathematics,81,9,14,3,6,5,79,55,C-
4366,Bart,Sociology,83,48,19,7,6,5,67,66,B-
8574,Carl,Speech,85,9,4,8,6,2,21,23,F
6753,Makena,Leadership,81,7,34,3,4,9,22,33,F
4667,Ronald,Basic Math,95,46,23,5,6,3,79,71,B
9796,Louise,History,88,43,5,2,8,8,60,56,C
1881,Phoebe,Grammar,81,43,13,1,4,2,67,57,C
2613,Samantha,Speech,99,19,8,4,2,5,87,58,C
9151,Jack,German,96,34,41,2,2,2,33,46,D+
4684,Marina,Design and technology,80,43,30,2,6,9,63,66,B-
4841,Mavis,Earth Science,96,45,35,1,5,7,7,38,F
6501,Michelle,English IV,98,2,29,2,2,1,51,39,F
2091,Janice,Language Arts,81,19,14,7,9,9,90,69,B-
8629,Colleen,Mathematics,85,43,45,4,1,7,64,69,B-
3609,Adalind,Ancient Civilizations,93,47,28,6,4,7,61,65,B-
2874,Phillip,Science,81,42,17,7,7,7,13,38,F
7815,Phillip,Basic Math,90,37,35,3,7,9,80,75,B
2141,Agnes,Physical Education,92,35,17,2,4,5,13,30,F
3685,Erick,Language Arts,81,40,4,1,3,1,93,64,C+
1625,Michael,Language Arts,86,22,40,9,1,1,67,61,C+
6680,Caleb,Science,92,11,31,4,5,4,58,50,C-
5641,Freya,French,95,35,44,3,6,6,79,75,B
3350,Louise,Spanish,97,19,45,4,4,5,12,35,F
5966,Gwen,Science,96,9,43,5,8,5,58,56,C
9756,Gabriel,Ancient Civilizations,96,33,6,1,8,4,2,21,F
9924,Sasha,History,94,16,12,5,1,9,13,24,F
9470,Harriet,English IV,91,43,36,4,2,8,27,48,D+
9801,Elle,LOGIC,89,29,12,3,4,6,77,59,C
6374,Macy,Latin,91,21,27,3,3,4,64,54,C-
9936,Bernadette,Dramatics,89,6,12,3,5,2,23,23,F
9409,Jayden,Music,97,41,33,3,8,6,53,61,C+
4478,Elijah,German,91,15,15,8,9,5,84,64,C+
8383,Ramon,Grammar,97,7,7,1,1,1,60,36,F
